Stage,Final_Loss,Mean_PSNR_dB
1,0.001479,25.8182
2,0.001348,26.1373
3,0.001337,26.2058
4,0.001304,26.2464
5,0.001311,26.3057
