Stage,Final_Loss,Mean_PSNR_dB
1,0.001483,25.8223
2,0.001353,26.1183
3,0.001361,26.0983
