Stage,Final_Loss,Mean_PSNR_dB
1,0.001547,25.6016
2,0.001388,25.9465
3,0.001396,25.9404
4,0.001390,25.9429
5,0.001390,25.9358
