Stage,Final_Loss,Mean_PSNR_dB
1,0.001479,25.8450
2,0.001353,26.0985
3,0.001342,26.1694
4,0.001315,26.2269
5,0.001315,26.2642
