Stage,Final_Loss,Mean_PSNR_dB
1,0.001479,25.8527
2,0.001412,25.9088
3,0.001429,25.8992
4,0.001404,25.9497
5,0.001404,25.9372
