Stage,Final_Loss,Mean_PSNR_dB
1,0.020225,25.9640
2,0.018673,26.5966
3,0.017228,27.1344
4,0.016788,27.3372
5,0.016709,27.4732
