Stage,Final_Loss,Mean_PSNR_dB
1,0.001479,25.8451
2,0.001352,26.1017
3,0.001340,26.1747
4,0.001313,26.2313
5,0.001314,26.2717
