Stage,Final_Loss,Mean_PSNR_dB
1,0.001426,26.0352
2,0.001414,25.9816
3,0.001415,26.0200
4,0.001414,25.9963
5,0.001417,25.9574
