Stage,Final_Loss,Mean_PSNR_dB
1,0.001481,25.8568
2,0.001310,26.2631
3,0.001281,26.3703
4,0.001269,26.4031
5,0.001267,26.3950
